{
	"_id" : "Female",
	"avg_weight" : 70.11331573604062,
	"avg_height" : 166.81260913705583
}
{
	"_id" : "Male",
	"avg_weight" : 70.00976575121163,
	"avg_height" : 166.7346950726979
}
